dataSource,Latitude,Longitude
eShark_OldOnline,-89.86,141.29
eShark_OldOnline,-69.03,-128.67
eManta,-45,15
ConservationAssessment,-36.41,135.94
ConservationAssessment,-36.41,175.19
ConservationAssessment,-35.04,-54.9
eManta,-35,35
eManta,-35,155
eManta,-35,115
eManta,-35,-55
eManta,-35,15
eManta,-35,175
eManta,-35,135
eManta,-35,145
ConservationAssessment,-34.41,17.9
ConservationAssessment,-32.64,114.99
ConservationAssessment,-30.38,31.2
ConservationAssessment,-28.97,154.17
eManta,-25,35
eManta,-25,155
eManta,-25,165
eManta,-25,-45
eManta,-25,-155
eManta,-25,45
ConservationAssessment,-24.92,-44.44
ConservationAssessment,-23.83,35.64
ConservationAssessment,-22.39,166.58
eShark_OldOnline,-22.08,43.18
ConservationAssessment,-21.23,-159.95
eShark_OldOnline,-21.17,-175.19
ConservationAssessment,-20.98,55.83
ConservationAssessment,-20.89,-174.95
ConservationAssessment,-19.82,58.04
Great Fiji Shark Count,-19.05,178.29
ConservationAssessment,-18.53,43.36
ConservationAssessment,-18.46,178
eShark_OldOnline,-18.42,178.14
eShark_OldOnline,-18.42,178.13
eShark_OldOnline,-18.41,178.15
eShark_OldOnline,-18.4,178.04
eShark_OldOnline,-18.4,178.05
eShark_OldOnline,-18.4,178.06
Great Fiji Shark Count,-18.4,177.98
eShark_OldOnline,-18.39,178.03
eShark_OldOnline,-18.39,178.04
eShark_OldOnline,-18.39,178.05
eShark_OldOnline,-18.39,178.06
eShark_OldOnline,-18.39,178.1
eShark_OldOnline,-18.39,178.09
eShark_OldOnline,-18.39,178.11
eShark_OldOnline,-18.38,178.05
eShark_OldOnline,-18.38,178.04
eShark_OldOnline,-18.38,178.06
eShark_OldOnline,-18.38,178.08
eShark_OldOnline,-18.38,178.09
eShark_OldOnline,-18.38,178.1
eShark_OldOnline,-18.38,178.2
eShark_OldOnline,-18.38,178.14
eShark_OldOnline,-18.38,178.11
eShark_OldOnline,-18.38,177.98
eShark_OldOnline,-18.38,178.03
eShark_OldOnline,-18.38,178.12
eShark_OldOnline,-18.37,178.04
eShark_OldOnline,-18.37,178.05
eShark_OldOnline,-18.37,177.98
eShark_OldOnline,-18.37,178.1
eShark_OldOnline,-18.37,178.09
eShark_OldOnline,-18.37,178.06
eShark_OldOnline,-18.37,178.19
eShark_OldOnline,-18.37,178.12
eShark_OldOnline,-18.37,177.97
eShark_OldOnline,-18.37,178.07
eShark_OldOnline,-18.36,178.05
eShark_OldOnline,-18.36,178.17
eShark_OldOnline,-18.36,178.07
eShark_OldOnline,-18.36,178.19
eShark_OldOnline,-18.36,178.11
eShark_OldOnline,-18.36,178.04
eShark_OldOnline,-18.36,178.06
eShark_OldOnline,-18.36,178.18
eShark_OldOnline,-18.35,178.05
eShark_OldOnline,-18.35,178.06
eShark_OldOnline,-18.35,178
eShark_OldOnline,-18.34,177.99
eShark_OldOnline,-18.34,178.04
eShark_OldOnline,-18.3,178.01
eShark_OldOnline,-18.29,178.01
eShark_OldOnline,-18.29,178.07
eShark_OldOnline,-18.29,178.02
eShark_OldOnline,-18.29,178.04
eShark_OldOnline,-18.28,178.02
eShark_OldOnline,-18.28,178.01
Great Fiji Shark Count,-18.28,178.05
eShark_OldOnline,-18.27,178.04
eShark_OldOnline,-18.27,178.05
Great Fiji Shark Count,-18.2,177.64
Great Fiji Shark Count,-18.16,178.41
Great Fiji Shark Count,-18.04,179.2
Great Fiji Shark Count,-17.81,178.74
Great Fiji Shark Count,-17.73,177.16
eShark_OldOnline,-17.71,178.06
eShark_OldOnline,-17.68,177.1
eShark_OldOnline,-17.67,177.1
Great Fiji Shark Count,-17.6,177.32
Great Fiji Shark Count,-17.59,178.98
Great Fiji Shark Count,-17.59,177.12
ConservationAssessment,-17.55,-150.05
Great Fiji Shark Count,-17.37,177.11
Great Fiji Shark Count,-17.35,178.52
Great Fiji Shark Count,-17.33,178.59
Great Fiji Shark Count,-17.28,178.47
Great Fiji Shark Count,-17.26,178.18
Great Fiji Shark Count,-17.18,178.52
Great Fiji Shark Count,-17.17,177.18
Great Fiji Shark Count,-17.08,179.09
Great Fiji Shark Count,-16.96,179.86
Great Fiji Shark Count,-16.93,177.36
Great Fiji Shark Count,-16.81,179.22
Great Fiji Shark Count,-16.81,179.43
Great Fiji Shark Count,-16.78,179.92
Great Fiji Shark Count,-16.68,179.99
eShark_OldOnline,-15.37,166.95
eManta,-15,-35
eManta,-15,165
eManta,-15,95
eManta,-15,35
eManta,-15,55
eManta,-15,-145
eManta,-15,145
eManta,-15,175
eManta,-15,45
eManta,-15,15
ConservationAssessment,-13.71,-172.06
ConservationAssessment,-12.11,96.83
ConservationAssessment,-10.42,-78.96
ConservationAssessment,-9.75,113.13
eShark_OldOnline,-9.27,121.65
eShark_OldOnline,-9.2,-171.84
ConservationAssessment,-9.18,159.92
eShark_OldOnline,-8.94,121.45
eShark_OldOnline,-8.53,125.58
eShark_OldOnline,-8.53,115.58
eShark_OldOnline,-8.52,115.57
eShark_OldOnline,-8.52,115.51
eShark_OldOnline,-8.51,119.67
eShark_OldOnline,-8.49,115.5
eShark_OldOnline,-8.49,119.73
eShark_OldOnline,-8.45,119.56
eShark_OldOnline,-8.44,119.55
eShark_OldOnline,-8.44,127.31
eShark_OldOnline,-8.41,127.3
eShark_OldOnline,-8.38,115.71
eShark_OldOnline,-8.36,116.03
eShark_OldOnline,-8.36,115.7
eShark_OldOnline,-8.36,115.79
eShark_OldOnline,-8.36,116.05
eShark_OldOnline,-8.35,116.02
eShark_OldOnline,-8.35,116.09
eShark_OldOnline,-8.34,115.67
eShark_OldOnline,-8.34,116.01
eShark_OldOnline,-8.34,116.04
eShark_OldOnline,-8.34,116.02
eShark_OldOnline,-8.34,116.08
eShark_OldOnline,-8.34,116.09
eShark_OldOnline,-8.33,115.65
eShark_OldOnline,-8.33,116.03
eShark_OldOnline,-8.33,115.64
eShark_OldOnline,-8.33,116.08
eShark_OldOnline,-8.33,116.04
eShark_OldOnline,-8.27,115.59
eShark_OldOnline,-8.14,116.17
eShark_OldOnline,-8.13,116.17
eShark_OldOnline,-8.13,115.56
eShark_OldOnline,-8.13,116.13
eShark_OldOnline,-8.09,116.21
eShark_OldOnline,-8.09,115.56
ConservationAssessment,-8.07,117.16
eShark_OldOnline,-7.92,119.15
eShark_OldOnline,-7.75,120.07
eShark_OldOnline,-7.75,120.29
eShark_OldOnline,-7.7,119.41
eShark_OldOnline,-7.7,119.8
eShark_OldOnline,-7.66,119.01
eShark_OldOnline,-7.49,120.82
eShark_OldOnline,-7.31,121.52
eShark_OldOnline,-6.36,34.88
ConservationAssessment,-6.04,39.47
eManta,-5,75
eManta,-5,115
eManta,-5,135
eManta,-5,155
eManta,-5,105
eManta,-5,125
eManta,-5,55
eManta,-5,-85
eManta,-5,-135
eManta,-5,45
eManta,-5,-175
eManta,-5,35
ConservationAssessment,-4.66,55.53
ConservationAssessment,-4.6,150.54
ConservationAssessment,-4.04,39.93
ConservationAssessment,-1,-90.21
eShark_OldOnline,-0.78,113.92
ConservationAssessment,1.19,103.76
ConservationAssessment,2.75,104.76
eManta,5,75
eManta,5,-85
eManta,5,95
eManta,5,135
eManta,5,-165
eManta,5,105
eManta,5,165
eManta,5,-95
eManta,5,115
eManta,5,145
eManta,5,125
eManta,5,85
eManta,5,-135
eManta,5,155
ConservationAssessment,5.87,80.13
eShark_OldOnline,5.95,98.26
eShark_OldOnline,6.3,97.82
eShark_OldOnline,6.61,97.6
eShark_OldOnline,6.87,98.83
eShark_OldOnline,6.9,98.8
eShark_OldOnline,6.91,98.61
eShark_OldOnline,6.93,98.79
eShark_OldOnline,6.96,98.48
eShark_OldOnline,7,98.53
eShark_OldOnline,7.01,98.88
eShark_OldOnline,7.02,98.83
eShark_OldOnline,7.02,98.94
eShark_OldOnline,7.05,98.81
eShark_OldOnline,7.05,98.88
eShark_OldOnline,7.06,98.84
eShark_OldOnline,7.07,99.38
eShark_OldOnline,7.07,99.39
ConservationAssessment,7.07,171.41
eShark_OldOnline,7.08,98.81
eShark_OldOnline,7.08,98.94
eShark_OldOnline,7.09,98.92
eShark_OldOnline,7.1,98.81
eShark_OldOnline,7.11,98.81
ZohoeShark,7.11,98.82
eShark_OldOnline,7.13,98.97
eShark_OldOnline,7.13,99.01
eShark_OldOnline,7.14,98.6
ZohoeShark,7.17,98.81
eShark_OldOnline,7.18,99.07
eShark_OldOnline,7.19,99.07
eShark_OldOnline,7.19,98.79
eShark_OldOnline,7.2,99.08
eShark_OldOnline,7.2,99.06
eShark_OldOnline,7.2,99.07
eShark_OldOnline,7.2,99.05
eShark_OldOnline,7.2,98.84
eShark_OldOnline,7.21,99.05
eShark_OldOnline,7.21,99.07
eShark_OldOnline,7.22,98.83
eShark_OldOnline,7.22,93.74
eShark_OldOnline,7.22,99.1
eShark_OldOnline,7.23,98.8
eShark_OldOnline,7.26,99.29
eShark_OldOnline,7.26,98.44
eShark_OldOnline,7.26,99.03
eShark_OldOnline,7.26,99.05
eShark_OldOnline,7.26,98.39
eShark_OldOnline,7.27,98.62
eShark_OldOnline,7.29,98.83
ConservationAssessment,7.3,134.43
eShark_OldOnline,7.31,98.96
eShark_OldOnline,7.35,98.81
eShark_OldOnline,7.36,99.22
eShark_OldOnline,7.37,99.24
eShark_OldOnline,7.37,99.01
eShark_OldOnline,7.37,99.25
eShark_OldOnline,7.39,99.02
eShark_OldOnline,7.39,98.75
eShark_OldOnline,7.42,98.88
eShark_OldOnline,7.42,98.89
eShark_OldOnline,7.43,98.89
eShark_OldOnline,7.44,98.91
eShark_OldOnline,7.44,98.7
eShark_OldOnline,7.44,99.1
eShark_OldOnline,7.45,99.05
eShark_OldOnline,7.46,98.3
eShark_OldOnline,7.46,99.08
eShark_OldOnline,7.47,99.08
eShark_OldOnline,7.47,98.82
eShark_OldOnline,7.47,99.09
eShark_OldOnline,7.48,98.31
eShark_OldOnline,7.48,99.05
eShark_OldOnline,7.48,99.09
eShark_OldOnline,7.48,99.08
eShark_OldOnline,7.48,98.75
eShark_OldOnline,7.48,99.06
eShark_OldOnline,7.49,98.32
eShark_OldOnline,7.49,98.31
eShark_OldOnline,7.49,99.09
eShark_OldOnline,7.49,98.87
eShark_OldOnline,7.49,99.06
eShark_OldOnline,7.49,99.08
eShark_OldOnline,7.49,99.03
eShark_OldOnline,7.49,99.07
eShark_OldOnline,7.5,98.32
eShark_OldOnline,7.5,98.3
eShark_OldOnline,7.5,99.05
eShark_OldOnline,7.5,99.07
eShark_OldOnline,7.5,99.08
eShark_OldOnline,7.5,99.09
eShark_OldOnline,7.5,99.06
eShark_OldOnline,7.5,99.1
eShark_OldOnline,7.51,99.08
eShark_OldOnline,7.51,99.06
eShark_OldOnline,7.51,99.05
eShark_OldOnline,7.51,98.87
eShark_OldOnline,7.51,99.07
eShark_OldOnline,7.51,99.04
eShark_OldOnline,7.51,99.09
eShark_OldOnline,7.51,99.1
eShark_OldOnline,7.51,98.33
eShark_OldOnline,7.52,99.04
eShark_OldOnline,7.52,99.06
eShark_OldOnline,7.52,99.08
eShark_OldOnline,7.52,97.56
eShark_OldOnline,7.52,98.77
eShark_OldOnline,7.52,99.09
eShark_OldOnline,7.53,98.87
eShark_OldOnline,7.53,98.78
ConservationAssessment,7.53,76.86
eShark_OldOnline,7.54,99.04
eShark_OldOnline,7.54,99.09
eShark_OldOnline,7.54,99.05
eShark_OldOnline,7.54,99.08
eShark_OldOnline,7.54,99.06
eShark_OldOnline,7.54,99.03
eShark_OldOnline,7.54,99.12
eShark_OldOnline,7.54,98.81
eShark_OldOnline,7.55,99.06
eShark_OldOnline,7.55,99.07
eShark_OldOnline,7.55,99.09
eShark_OldOnline,7.55,98.85
eShark_OldOnline,7.55,99.05
eShark_OldOnline,7.55,99.08
eShark_OldOnline,7.55,99.01
eShark_OldOnline,7.55,99.04
eShark_OldOnline,7.55,99.1
eShark_OldOnline,7.56,99.05
eShark_OldOnline,7.56,99.06
eShark_OldOnline,7.56,99.04
eShark_OldOnline,7.56,99.08
eShark_OldOnline,7.56,99.09
eShark_OldOnline,7.57,99.06
eShark_OldOnline,7.57,99.04
eShark_OldOnline,7.57,99.05
eShark_OldOnline,7.57,99.12
eShark_OldOnline,7.57,97.87
eShark_OldOnline,7.57,98.66
eShark_OldOnline,7.58,99.05
eShark_OldOnline,7.58,99.06
eShark_OldOnline,7.58,99.04
eShark_OldOnline,7.58,99.08
eShark_OldOnline,7.59,99.06
eShark_OldOnline,7.59,99.1
eShark_OldOnline,7.59,98.31
eShark_OldOnline,7.59,99.05
eShark_OldOnline,7.59,98.85
eShark_OldOnline,7.6,98.37
eShark_OldOnline,7.6,98.38
eShark_OldOnline,7.6,98.36
eShark_OldOnline,7.6,98.77
eShark_OldOnline,7.6,99.05
eShark_OldOnline,7.6,98.33
ZohoeShark,7.6,98.86
eShark_OldOnline,7.61,93.56
eShark_OldOnline,7.61,98.37
eShark_OldOnline,7.61,98.36
eShark_OldOnline,7.61,99.1
eShark_OldOnline,7.61,99.06
eShark_OldOnline,7.61,98.97
eShark_OldOnline,7.61,98
eShark_OldOnline,7.61,98.39
eShark_OldOnline,7.61,99.05
eShark_OldOnline,7.62,98.74
eShark_OldOnline,7.62,98.81
eShark_OldOnline,7.62,98.83
eShark_OldOnline,7.62,99.04
eShark_OldOnline,7.62,98.82
eShark_OldOnline,7.62,98.86
eShark_OldOnline,7.62,98.84
eShark_OldOnline,7.63,98.75
eShark_OldOnline,7.63,98.82
eShark_OldOnline,7.63,98.85
eShark_OldOnline,7.63,98.83
eShark_OldOnline,7.63,98.84
eShark_OldOnline,7.63,98.81
eShark_OldOnline,7.63,99.03
eShark_OldOnline,7.64,98.76
eShark_OldOnline,7.64,98.75
eShark_OldOnline,7.64,98.77
eShark_OldOnline,7.64,98.82
eShark_OldOnline,7.65,98.76
eShark_OldOnline,7.65,98.36
eShark_OldOnline,7.65,98.75
eShark_OldOnline,7.65,99.03
eShark_OldOnline,7.65,98.84
eShark_OldOnline,7.65,98.79
ConservationAssessment,7.65,98.14
eShark_OldOnline,7.66,98.76
eShark_OldOnline,7.67,98.76
eShark_OldOnline,7.67,98.82
eShark_OldOnline,7.67,98.77
eShark_OldOnline,7.68,98.76
eShark_OldOnline,7.68,98.77
eShark_OldOnline,7.68,98.75
eShark_OldOnline,7.68,98.78
eShark_OldOnline,7.69,98.84
eShark_OldOnline,7.69,98.81
eShark_OldOnline,7.69,98.76
eShark_OldOnline,7.69,98.75
eShark_OldOnline,7.69,98.78
eShark_OldOnline,7.69,98.77
eShark_OldOnline,7.7,98.82
eShark_OldOnline,7.7,98.81
eShark_OldOnline,7.7,98.8
eShark_OldOnline,7.7,98.57
eShark_OldOnline,7.7,98.51
eShark_OldOnline,7.7,98.79
eShark_OldOnline,7.7,97.74
eShark_OldOnline,7.7,97.87
ZohoeShark,7.7,98.78
eShark_OldOnline,7.71,98.79
eShark_OldOnline,7.71,98.76
eShark_OldOnline,7.71,98.77
eShark_OldOnline,7.71,98.57
eShark_OldOnline,7.72,98.76
eShark_OldOnline,7.72,98.81
eShark_OldOnline,7.72,98.75
eShark_OldOnline,7.72,98.78
ZohoeShark,7.72,98.79
eShark_OldOnline,7.73,98.75
eShark_OldOnline,7.73,98.53
eShark_OldOnline,7.73,98.57
eShark_OldOnline,7.73,98.76
eShark_OldOnline,7.73,98.29
eShark_OldOnline,7.74,98.61
eShark_OldOnline,7.74,98.75
eShark_OldOnline,7.74,98.76
eShark_OldOnline,7.74,98.77
eShark_OldOnline,7.74,97.91
eShark_OldOnline,7.75,98.32
eShark_OldOnline,7.75,98.33
eShark_OldOnline,7.75,98.76
eShark_OldOnline,7.75,98.75
eShark_OldOnline,7.75,98.61
eShark_OldOnline,7.75,98.54
eShark_OldOnline,7.76,98.76
eShark_OldOnline,7.76,98.75
eShark_OldOnline,7.76,98.33
eShark_OldOnline,7.76,98.47
eShark_OldOnline,7.76,98.78
eShark_OldOnline,7.77,98.61
eShark_OldOnline,7.77,98.56
eShark_OldOnline,7.78,98.75
eShark_OldOnline,7.78,98.72
eShark_OldOnline,7.78,98.59
eShark_OldOnline,7.78,98.66
eShark_OldOnline,7.78,98.74
eShark_OldOnline,7.79,98.53
eShark_OldOnline,7.79,98.6
eShark_OldOnline,7.79,98.59
eShark_OldOnline,7.79,98.48
eShark_OldOnline,7.79,98.74
eShark_OldOnline,7.79,98.75
eShark_OldOnline,7.79,98.7
eShark_OldOnline,7.79,98.73
eShark_OldOnline,7.79,98.72
eShark_OldOnline,7.79,97.56
eShark_OldOnline,7.79,97.87
eShark_OldOnline,7.79,99.05
eShark_OldOnline,7.79,98.58
eShark_OldOnline,7.8,98.3
eShark_OldOnline,7.8,98.74
eShark_OldOnline,7.8,98.73
eShark_OldOnline,7.8,98.59
eShark_OldOnline,7.8,98.64
eShark_OldOnline,7.8,98.67
eShark_OldOnline,7.8,98.66
ZohoeShark,7.8,98.53
eShark_OldOnline,7.81,98.77
eShark_OldOnline,7.81,98.75
eShark_OldOnline,7.81,98.72
eShark_OldOnline,7.81,98.79
eShark_OldOnline,7.81,98.58
eShark_OldOnline,7.81,98.66
eShark_OldOnline,7.81,98.57
eShark_OldOnline,7.81,98.27
eShark_OldOnline,7.82,98.29
eShark_OldOnline,7.82,98.63
eShark_OldOnline,7.83,98.35
eShark_OldOnline,7.83,98.58
eShark_OldOnline,7.83,97.96
eShark_OldOnline,7.83,98.33
eShark_OldOnline,7.83,97.87
eShark_OldOnline,7.83,97.91
eShark_OldOnline,7.83,98.68
eShark_OldOnline,7.84,98.75
eShark_OldOnline,7.84,98.68
eShark_OldOnline,7.84,98.33
eShark_OldOnline,7.87,97.91
eShark_OldOnline,7.87,98.22
eShark_OldOnline,7.88,98.21
eShark_OldOnline,7.88,98.28
eShark_OldOnline,7.89,98.27
eShark_OldOnline,7.9,98.3
eShark_OldOnline,7.9,98.54
ConservationAssessment,7.9,147.04
eShark_OldOnline,7.92,98.79
eShark_OldOnline,7.92,98.8
eShark_OldOnline,7.92,98.57
eShark_OldOnline,7.92,98.82
eShark_OldOnline,7.92,98.3
eShark_OldOnline,7.92,98
eShark_OldOnline,7.92,98.13
eShark_OldOnline,7.93,98.8
eShark_OldOnline,7.94,98.81
eShark_OldOnline,7.94,98.8
eShark_OldOnline,7.94,98.77
eShark_OldOnline,7.94,98.79
eShark_OldOnline,7.94,98.59
eShark_OldOnline,7.94,98.78
eShark_OldOnline,7.95,98.79
eShark_OldOnline,7.95,98.78
eShark_OldOnline,7.95,98.8
eShark_OldOnline,7.95,98.83
eShark_OldOnline,7.96,98.79
eShark_OldOnline,7.96,98.8
eShark_OldOnline,7.96,98.81
eShark_OldOnline,7.96,98.88
eShark_OldOnline,7.96,97.96
eShark_OldOnline,7.97,98.56
eShark_OldOnline,7.97,98.8
eShark_OldOnline,7.97,98.26
eShark_OldOnline,7.98,98.74
eShark_OldOnline,7.98,98.81
eShark_OldOnline,8,98.26
eShark_OldOnline,8,98.75
eShark_OldOnline,8,93.56
eShark_OldOnline,8,97.96
eShark_OldOnline,8,98.77
eShark_OldOnline,8.01,93.33
eShark_OldOnline,8.01,98.79
eShark_OldOnline,8.05,98.34
eShark_OldOnline,8.05,97.74
eShark_OldOnline,8.05,97.91
eShark_OldOnline,8.05,93.42
eShark_OldOnline,8.07,98.72
ConservationAssessment,8.07,-80.11
eShark_OldOnline,8.09,98.7
eShark_OldOnline,8.09,93.39
eShark_OldOnline,8.09,97.87
eShark_OldOnline,8.14,93.29
eShark_OldOnline,8.18,97.78
eShark_OldOnline,8.18,97.91
eShark_OldOnline,8.18,97.96
eShark_OldOnline,8.18,93.25
eShark_OldOnline,8.22,98.18
eShark_OldOnline,8.22,98.61
eShark_OldOnline,8.22,93.25
eShark_OldOnline,8.22,98.04
eShark_OldOnline,8.22,98.09
eShark_OldOnline,8.26,93.43
eShark_OldOnline,8.26,97.78
eShark_OldOnline,8.26,97.82
eShark_OldOnline,8.26,97.91
eShark_OldOnline,8.26,97.96
eShark_OldOnline,8.26,98
eShark_OldOnline,8.26,98.04
eShark_OldOnline,8.26,98.09
eShark_OldOnline,8.31,97.43
eShark_OldOnline,8.31,97.87
eShark_OldOnline,8.31,97.96
eShark_OldOnline,8.31,98
eShark_OldOnline,8.35,97.69
eShark_OldOnline,8.35,97.87
eShark_OldOnline,8.35,97.91
eShark_OldOnline,8.35,97.96
eShark_OldOnline,8.35,98.09
eShark_OldOnline,8.4,93.17
eShark_OldOnline,8.4,93.3
eShark_OldOnline,8.4,97.08
eShark_OldOnline,8.4,97.69
eShark_OldOnline,8.4,98
eShark_OldOnline,8.44,93.17
eShark_OldOnline,8.44,97.65
eShark_OldOnline,8.44,97.78
eShark_OldOnline,8.44,97.52
eShark_OldOnline,8.44,97.82
eShark_OldOnline,8.44,97.91
eShark_OldOnline,8.44,97.96
eShark_OldOnline,8.48,97.64
eShark_OldOnline,8.49,97.81
eShark_OldOnline,8.49,97.64
eShark_OldOnline,8.5,97.66
eShark_OldOnline,8.5,97.64
eShark_OldOnline,8.5,97.65
eShark_OldOnline,8.51,97.66
eShark_OldOnline,8.51,97.67
eShark_OldOnline,8.53,97.64
eShark_OldOnline,8.53,97.12
eShark_OldOnline,8.53,93.12
eShark_OldOnline,8.53,98.04
eShark_OldOnline,8.53,97.63
eShark_OldOnline,8.54,97.62
eShark_OldOnline,8.55,97.64
eShark_OldOnline,8.55,97.63
eShark_OldOnline,8.55,97.65
eShark_OldOnline,8.55,97.66
eShark_OldOnline,8.55,97.62
eShark_OldOnline,8.55,97.61
eShark_OldOnline,8.56,97.64
eShark_OldOnline,8.56,97.62
eShark_OldOnline,8.56,97.63
eShark_OldOnline,8.56,97.65
eShark_OldOnline,8.56,97.61
eShark_OldOnline,8.57,97.64
eShark_OldOnline,8.57,97.62
eShark_OldOnline,8.57,97.63
eShark_OldOnline,8.57,98.21
eShark_OldOnline,8.57,92.99
eShark_OldOnline,8.57,93.12
eShark_OldOnline,8.57,97.65
eShark_OldOnline,8.57,98
eShark_OldOnline,8.58,97.63
eShark_OldOnline,8.58,97.67
eShark_OldOnline,8.58,97.62
eShark_OldOnline,8.58,97.64
eShark_OldOnline,8.59,97.63
eShark_OldOnline,8.59,97.64
eShark_OldOnline,8.6,97.66
eShark_OldOnline,8.6,97.64
eShark_OldOnline,8.6,97.63
eShark_OldOnline,8.61,97.67
eShark_OldOnline,8.61,93.08
eShark_OldOnline,8.61,97.66
eShark_OldOnline,8.61,98.02
eShark_OldOnline,8.61,97.62
eShark_OldOnline,8.61,97.63
eShark_OldOnline,8.61,97.65
eShark_OldOnline,8.61,97.64
eShark_OldOnline,8.61,97.95
eShark_OldOnline,8.62,97.64
eShark_OldOnline,8.62,97.65
eShark_OldOnline,8.62,97.66
eShark_OldOnline,8.63,97.63
eShark_OldOnline,8.63,98.18
eShark_OldOnline,8.63,97.64
eShark_OldOnline,8.63,97.66
eShark_OldOnline,8.64,97.64
eShark_OldOnline,8.64,97.65
eShark_OldOnline,8.64,98.25
eShark_OldOnline,8.65,97.64
eShark_OldOnline,8.65,97.66
eShark_OldOnline,8.65,97.65
eShark_OldOnline,8.65,97.63
eShark_OldOnline,8.66,97.64
eShark_OldOnline,8.66,97.63
eShark_OldOnline,8.66,97.68
eShark_OldOnline,8.66,97.47
eShark_OldOnline,8.66,98.23
eShark_OldOnline,8.67,97.65
eShark_OldOnline,8.67,97.64
eShark_OldOnline,8.67,97.62
eShark_OldOnline,8.67,97.66
eShark_OldOnline,8.67,97.63
eShark_OldOnline,8.68,97.64
eShark_OldOnline,8.68,97.65
eShark_OldOnline,8.69,97.68
eShark_OldOnline,8.69,97.64
eShark_OldOnline,8.7,96.94
eShark_OldOnline,8.7,97.64
eShark_OldOnline,8.72,97.78
eShark_OldOnline,8.73,98.05
eShark_OldOnline,8.74,97.87
eShark_OldOnline,8.74,97.69
eShark_OldOnline,8.75,97.78
eShark_OldOnline,8.78,98.26
eShark_OldOnline,8.79,97.67
eShark_OldOnline,8.81,97.8
eShark_OldOnline,8.82,97.79
eShark_OldOnline,8.82,97.8
eShark_OldOnline,8.82,97.82
eShark_OldOnline,8.83,97.81
eShark_OldOnline,8.83,97.79
eShark_OldOnline,8.83,97.8
eShark_OldOnline,8.83,98.28
eShark_OldOnline,8.84,97.91
eShark_OldOnline,8.85,97.79
eShark_OldOnline,8.85,97.75
eShark_OldOnline,8.85,97.82
eShark_OldOnline,8.85,97.8
eShark_OldOnline,8.86,98.19
eShark_OldOnline,8.86,97.72
eShark_OldOnline,8.86,97.76
eShark_OldOnline,8.86,97.81
eShark_OldOnline,8.89,97.75
eShark_OldOnline,8.89,97.81
eShark_OldOnline,8.89,97.73
eShark_OldOnline,8.89,97.83
eShark_OldOnline,8.91,97.68
eShark_OldOnline,8.92,97.7
eShark_OldOnline,8.92,97.71
eShark_OldOnline,8.92,96.64
eShark_OldOnline,8.92,97.97
eShark_OldOnline,8.94,97.72
eShark_OldOnline,8.94,97.71
eShark_OldOnline,8.96,98.18
eShark_OldOnline,9.03,97.81
eShark_OldOnline,9.03,97.76
eShark_OldOnline,9.04,97.82
eShark_OldOnline,9.04,97.81
eShark_OldOnline,9.05,97.81
eShark_OldOnline,9.05,97.8
eShark_OldOnline,9.05,97.82
eShark_OldOnline,9.06,97.81
eShark_OldOnline,9.06,97.82
eShark_OldOnline,9.06,97.79
eShark_OldOnline,9.06,98.09
eShark_OldOnline,9.06,98.15
eShark_OldOnline,9.06,98.14
eShark_OldOnline,9.06,98.1
eShark_OldOnline,9.06,97.8
eShark_OldOnline,9.07,98.06
eShark_OldOnline,9.07,98.16
eShark_OldOnline,9.07,98.1
eShark_OldOnline,9.07,98.14
eShark_OldOnline,9.07,98.13
eShark_OldOnline,9.07,97.8
eShark_OldOnline,9.07,97.82
eShark_OldOnline,9.07,97.81
eShark_OldOnline,9.07,98.08
eShark_OldOnline,9.07,98.24
eShark_OldOnline,9.08,97.8
eShark_OldOnline,9.08,97.81
eShark_OldOnline,9.08,97.82
eShark_OldOnline,9.08,98.08
eShark_OldOnline,9.09,97.79
eShark_OldOnline,9.09,97.81
eShark_OldOnline,9.09,98.23
eShark_OldOnline,9.09,97.87
eShark_OldOnline,9.09,98.22
eShark_OldOnline,9.1,98.16
eShark_OldOnline,9.1,98.23
eShark_OldOnline,9.1,98.24
eShark_OldOnline,9.1,98.22
eShark_OldOnline,9.11,98.11
eShark_OldOnline,9.11,97.96
eShark_OldOnline,9.11,98.13
eShark_OldOnline,9.11,98.16
eShark_OldOnline,9.11,98.24
eShark_OldOnline,9.11,98.15
eShark_OldOnline,9.11,98.25
eShark_OldOnline,9.11,98.23
eShark_OldOnline,9.11,98.22
eShark_OldOnline,9.11,98.01
eShark_OldOnline,9.12,98.13
eShark_OldOnline,9.12,98.25
eShark_OldOnline,9.12,98.17
eShark_OldOnline,9.12,98.24
eShark_OldOnline,9.12,98.14
eShark_OldOnline,9.12,98.18
eShark_OldOnline,9.12,98.23
eShark_OldOnline,9.12,98.06
eShark_OldOnline,9.12,98.08
eShark_OldOnline,9.13,98.25
eShark_OldOnline,9.13,98.05
eShark_OldOnline,9.13,98.11
eShark_OldOnline,9.13,98.24
eShark_OldOnline,9.13,98.01
eShark_OldOnline,9.13,98.22
eShark_OldOnline,9.14,98.14
eShark_OldOnline,9.14,98.25
eShark_OldOnline,9.14,98.26
eShark_OldOnline,9.14,98.08
eShark_OldOnline,9.14,97.68
eShark_OldOnline,9.15,98.26
eShark_OldOnline,9.15,98.24
eShark_OldOnline,9.15,98.13
eShark_OldOnline,9.15,98.05
eShark_OldOnline,9.16,98.18
eShark_OldOnline,9.16,98.21
eShark_OldOnline,9.16,98.17
eShark_OldOnline,9.17,98.18
eShark_OldOnline,9.17,98.14
eShark_OldOnline,9.17,98.17
eShark_OldOnline,9.17,98.05
eShark_OldOnline,9.18,98.04
eShark_OldOnline,9.19,98.16
eShark_OldOnline,9.19,98.05
eShark_OldOnline,9.24,97.83
eShark_OldOnline,9.26,97.93
eShark_OldOnline,9.29,97.7
eShark_OldOnline,9.32,97.95
eShark_OldOnline,9.32,98.07
eShark_OldOnline,9.33,98.32
eShark_OldOnline,9.34,97.98
eShark_OldOnline,9.35,97.86
eShark_OldOnline,9.35,97.94
eShark_OldOnline,9.35,98.11
eShark_OldOnline,9.36,97.86
eShark_OldOnline,9.36,97.87
eShark_OldOnline,9.36,98.09
eShark_OldOnline,9.36,98.04
eShark_OldOnline,9.36,97.93
eShark_OldOnline,9.36,98.08
eShark_OldOnline,9.36,98.14
eShark_OldOnline,9.36,98.16
eShark_OldOnline,9.37,97.87
eShark_OldOnline,9.37,97.9
eShark_OldOnline,9.37,97.88
eShark_OldOnline,9.37,98.13
eShark_OldOnline,9.37,98.06
eShark_OldOnline,9.37,97.86
eShark_OldOnline,9.37,98.15
eShark_OldOnline,9.38,97.87
eShark_OldOnline,9.38,97.9
eShark_OldOnline,9.38,97.89
eShark_OldOnline,9.38,97.88
eShark_OldOnline,9.38,98.01
eShark_OldOnline,9.38,97.99
eShark_OldOnline,9.38,97.86
eShark_OldOnline,9.38,98.11
eShark_OldOnline,9.38,98.15
eShark_OldOnline,9.39,97.89
eShark_OldOnline,9.39,97.88
eShark_OldOnline,9.39,97.87
eShark_OldOnline,9.39,97.9
eShark_OldOnline,9.39,97.99
eShark_OldOnline,9.39,98.09
eShark_OldOnline,9.4,97.9
eShark_OldOnline,9.4,97.87
eShark_OldOnline,9.4,97.88
eShark_OldOnline,9.4,97.89
eShark_OldOnline,9.4,97.86
eShark_OldOnline,9.4,98.11
eShark_OldOnline,9.4,98.05
eShark_OldOnline,9.4,98.08
eShark_OldOnline,9.4,97.91
eShark_OldOnline,9.4,97.99
eShark_OldOnline,9.4,98.09
eShark_OldOnline,9.4,98.16
eShark_OldOnline,9.41,97.9
eShark_OldOnline,9.41,97.85
eShark_OldOnline,9.41,97.83
eShark_OldOnline,9.41,97.87
eShark_OldOnline,9.41,97.86
eShark_OldOnline,9.41,97.84
eShark_OldOnline,9.41,97.99
eShark_OldOnline,9.41,97.97
eShark_OldOnline,9.41,97.88
eShark_OldOnline,9.41,97.96
eShark_OldOnline,9.41,97.82
eShark_OldOnline,9.41,98.12
eShark_OldOnline,9.41,98.09
eShark_OldOnline,9.41,98.05
eShark_OldOnline,9.41,98.08
eShark_OldOnline,9.41,98.15
eShark_OldOnline,9.41,98.13
eShark_OldOnline,9.42,97.83
eShark_OldOnline,9.42,97.89
eShark_OldOnline,9.42,97.88
eShark_OldOnline,9.42,97.86
eShark_OldOnline,9.42,97.96
eShark_OldOnline,9.42,97.97
eShark_OldOnline,9.42,97.98
eShark_OldOnline,9.42,98.1
eShark_OldOnline,9.42,98.11
eShark_OldOnline,9.42,97.85
eShark_OldOnline,9.42,97.87
eShark_OldOnline,9.42,98.04
eShark_OldOnline,9.42,98.06
eShark_OldOnline,9.42,98.13
eShark_OldOnline,9.42,98.08
eShark_OldOnline,9.43,97.97
eShark_OldOnline,9.43,97.85
eShark_OldOnline,9.43,97.96
eShark_OldOnline,9.43,97.99
eShark_OldOnline,9.43,97.86
eShark_OldOnline,9.43,97.87
eShark_OldOnline,9.43,97.88
eShark_OldOnline,9.43,97.9
eShark_OldOnline,9.43,97.95
eShark_OldOnline,9.43,97.98
eShark_OldOnline,9.43,98.1
eShark_OldOnline,9.43,98
eShark_OldOnline,9.43,98.06
eShark_OldOnline,9.43,98.11
eShark_OldOnline,9.43,98.12
eShark_OldOnline,9.43,98.13
eShark_OldOnline,9.43,98.08
ZohoeShark,9.43,99.89
eShark_OldOnline,9.44,97.89
eShark_OldOnline,9.44,97.98
eShark_OldOnline,9.44,98.04
eShark_OldOnline,9.44,97.97
eShark_OldOnline,9.44,97.96
eShark_OldOnline,9.44,97.99
eShark_OldOnline,9.44,97.94
eShark_OldOnline,9.44,98.01
eShark_OldOnline,9.44,97.95
eShark_OldOnline,9.44,97.87
eShark_OldOnline,9.44,97.85
eShark_OldOnline,9.44,98
eShark_OldOnline,9.44,98.03
eShark_OldOnline,9.44,97.9
eShark_OldOnline,9.44,97.86
eShark_OldOnline,9.44,97.88
eShark_OldOnline,9.44,98.02
eShark_OldOnline,9.44,98.08
eShark_OldOnline,9.44,98.12
eShark_OldOnline,9.44,98.14
eShark_OldOnline,9.44,98.15
eShark_OldOnline,9.44,98.09
eShark_OldOnline,9.44,98.1
eShark_OldOnline,9.45,97.89
eShark_OldOnline,9.45,97.98
eShark_OldOnline,9.45,97.96
eShark_OldOnline,9.45,97.99
eShark_OldOnline,9.45,98
eShark_OldOnline,9.45,97.86
eShark_OldOnline,9.45,97.87
eShark_OldOnline,9.45,97.97
eShark_OldOnline,9.45,97.94
eShark_OldOnline,9.45,98.14
eShark_OldOnline,9.45,97.83
eShark_OldOnline,9.45,97.85
eShark_OldOnline,9.45,97.88
eShark_OldOnline,9.45,98.13
eShark_OldOnline,9.45,100.08
eShark_OldOnline,9.46,97.98
eShark_OldOnline,9.46,97.97
eShark_OldOnline,9.46,97.96
eShark_OldOnline,9.46,97.87
eShark_OldOnline,9.46,97.85
eShark_OldOnline,9.46,97.86
eShark_OldOnline,9.46,97.88
eShark_OldOnline,9.46,97.89
eShark_OldOnline,9.46,97.99
eShark_OldOnline,9.47,97.9
eShark_OldOnline,9.47,97.91
eShark_OldOnline,9.47,97.97
eShark_OldOnline,9.47,97.86
eShark_OldOnline,9.47,97.88
eShark_OldOnline,9.47,100.09
eShark_OldOnline,9.48,98.18
eShark_OldOnline,9.48,97.9
eShark_OldOnline,9.48,97.87
eShark_OldOnline,9.48,97.91
eShark_OldOnline,9.49,100.08
eShark_OldOnline,9.51,100.06
eShark_OldOnline,9.52,100.06
eShark_OldOnline,9.53,123.46
eShark_OldOnline,9.53,100.07
eShark_OldOnline,9.56,100.02
ConservationAssessment,9.57,-79.71
eShark_OldOnline,9.58,98.02
eShark_OldOnline,9.59,98.03
eShark_OldOnline,9.61,99.89
eShark_OldOnline,9.63,98.03
ConservationAssessment,9.63,98.17
eShark_OldOnline,9.68,100.01
eShark_OldOnline,9.68,100.02
eShark_OldOnline,9.69,99.68
eShark_OldOnline,9.69,99.67
eShark_OldOnline,9.7,99.68
eShark_OldOnline,9.72,99.93
eShark_OldOnline,9.72,99.99
eShark_OldOnline,9.72,99.95
eShark_OldOnline,9.74,100.02
eShark_OldOnline,9.74,99.91
eShark_OldOnline,9.76,100.03
eShark_OldOnline,9.76,99.96
eShark_OldOnline,9.76,99.99
eShark_OldOnline,9.76,100.07
eShark_OldOnline,9.78,100.06
eShark_OldOnline,9.78,100
eShark_OldOnline,9.78,99.89
eShark_OldOnline,9.79,100.07
eShark_OldOnline,9.83,100.24
eShark_OldOnline,9.83,99.99
eShark_OldOnline,9.85,98.42
eShark_OldOnline,9.86,100
eShark_OldOnline,9.87,99.84
eShark_OldOnline,9.87,100.06
eShark_OldOnline,9.87,99.99
eShark_OldOnline,9.87,98
eShark_OldOnline,9.88,99.98
eShark_OldOnline,9.88,99.99
ConservationAssessment,9.88,99.95
ZohoeShark,9.9,99.71
eShark_OldOnline,9.91,96.02
eShark_OldOnline,9.92,99.98
eShark_OldOnline,9.92,99.99
eShark_OldOnline,9.92,99.95
eShark_OldOnline,9.93,99.93
eShark_OldOnline,9.94,99.99
eShark_OldOnline,9.94,99.98
eShark_OldOnline,9.94,99.96
eShark_OldOnline,9.95,99.99
eShark_OldOnline,9.96,99.58
eShark_OldOnline,9.96,99.93
eShark_OldOnline,9.96,99.98
eShark_OldOnline,9.96,100.02
eShark_OldOnline,9.96,100.15
eShark_OldOnline,9.96,99.8
eShark_OldOnline,9.96,98.13
eShark_OldOnline,9.96,99.89
eShark_OldOnline,9.96,99.94
eShark_OldOnline,9.96,99.95
eShark_OldOnline,9.96,99.92
eShark_OldOnline,9.97,99.91
eShark_OldOnline,9.97,99.95
eShark_OldOnline,9.97,99.98
eShark_OldOnline,9.97,100
eShark_OldOnline,9.97,100.01
ZohoeShark,9.97,99.85
eShark_OldOnline,9.98,100.02
eShark_OldOnline,9.98,99.89
eShark_OldOnline,9.99,99.89
eShark_OldOnline,9.99,99.87
eShark_OldOnline,10,99.89
eShark_OldOnline,10,99.84
eShark_OldOnline,10,99.98
eShark_OldOnline,10,100.15
ZohoeShark,10,99.82
ZohoeShark,10,99.81
ZohoeShark,10,99.85
eShark_OldOnline,10.01,98.04
eShark_OldOnline,10.02,99.93
eShark_OldOnline,10.02,99.87
eShark_OldOnline,10.02,99.89
eShark_OldOnline,10.04,100.06
eShark_OldOnline,10.04,99.84
eShark_OldOnline,10.04,98.04
eShark_OldOnline,10.04,98.18
eShark_OldOnline,10.05,99.84
eShark_OldOnline,10.05,99.82
eShark_OldOnline,10.05,99.83
eShark_OldOnline,10.06,99.82
eShark_OldOnline,10.06,99.83
eShark_OldOnline,10.06,99.84
eShark_OldOnline,10.06,99.81
eShark_OldOnline,10.07,99.83
eShark_OldOnline,10.07,99.81
eShark_OldOnline,10.07,99.78
eShark_OldOnline,10.07,99.84
eShark_OldOnline,10.07,99.82
eShark_OldOnline,10.07,97.87
eShark_OldOnline,10.07,99.85
eShark_OldOnline,10.08,99.82
eShark_OldOnline,10.08,99.83
eShark_OldOnline,10.08,99.84
eShark_OldOnline,10.08,99.81
eShark_OldOnline,10.08,99.8
eShark_OldOnline,10.08,99.85
eShark_OldOnline,10.09,99.82
eShark_OldOnline,10.09,99.93
eShark_OldOnline,10.09,99.81
eShark_OldOnline,10.09,99.83
eShark_OldOnline,10.09,99.84
eShark_OldOnline,10.09,99.8
eShark_OldOnline,10.09,100.15
eShark_OldOnline,10.1,99.82
eShark_OldOnline,10.1,99.83
eShark_OldOnline,10.1,99.84
eShark_OldOnline,10.1,99.8
eShark_OldOnline,10.1,99.85
eShark_OldOnline,10.1,99.81
eShark_OldOnline,10.11,99.82
eShark_OldOnline,10.11,99.83
eShark_OldOnline,10.11,99.84
eShark_OldOnline,10.11,99.81
eShark_OldOnline,10.12,99.81
eShark_OldOnline,10.12,99.8
eShark_OldOnline,10.12,99.82
eShark_OldOnline,10.12,99.83
eShark_OldOnline,10.12,99.76
eShark_OldOnline,10.13,99.83
eShark_OldOnline,10.13,99.93
eShark_OldOnline,10.13,99.98
eShark_OldOnline,10.13,100.02
eShark_OldOnline,10.13,99.81
eShark_OldOnline,10.13,99.82
eShark_OldOnline,10.13,99.84
eShark_OldOnline,10.13,98.13
eShark_OldOnline,10.13,99.77
eShark_OldOnline,10.13,98.09
eShark_OldOnline,10.13,98.18
eShark_OldOnline,10.13,100.15
eShark_OldOnline,10.14,99.76
eShark_OldOnline,10.15,99.81
eShark_OldOnline,10.17,99.98
eShark_OldOnline,10.17,99.88
ZohoeShark,10.2,99.53
eShark_OldOnline,10.22,99.89
eShark_OldOnline,10.26,100.06
eShark_OldOnline,10.3,99.98
eShark_OldOnline,10.3,97.21
ConservationAssessment,10.31,103.18
eShark_OldOnline,10.35,99.98
eShark_OldOnline,10.35,100.02
eShark_OldOnline,10.38,99.36
ConservationAssessment,10.39,-85.92
eShark_OldOnline,10.43,99.98
eShark_OldOnline,10.43,99.71
eShark_OldOnline,10.43,98.13
eShark_OldOnline,10.5,99.28
eShark_OldOnline,10.52,98.13
ConservationAssessment,10.93,-60.93
eShark_OldOnline,11.04,97.56
ConservationAssessment,11.27,-74.53
eShark_OldOnline,11.29,98
eShark_OldOnline,11.43,96.94
eShark_OldOnline,11.43,97.82
ConservationAssessment,11.62,121.05
eShark_OldOnline,11.68,98.13
eShark_OldOnline,11.88,102.34
ConservationAssessment,12.05,-61.76
ConservationAssessment,12.09,-68.94
eShark_OldOnline,12.11,97.69
eShark_OldOnline,12.14,109.49
ConservationAssessment,12.15,-68.33
eShark_OldOnline,12.16,109.3
ConservationAssessment,12.18,-83.04
eShark_OldOnline,12.31,89.04
ZohoeShark,12.5,100.9
eShark_OldOnline,12.52,100.95
ConservationAssessment,12.52,-70.07
eShark_OldOnline,12.53,100.95
eShark_OldOnline,12.57,100.93
eShark_OldOnline,12.57,100.91
eShark_OldOnline,12.58,100.93
eShark_OldOnline,12.61,100.87
eShark_OldOnline,12.87,100.67
eShark_OldOnline,12.89,100.77
eShark_OldOnline,12.89,96.2
eShark_OldOnline,12.9,100.77
eShark_OldOnline,12.9,100.78
ZohoeShark,12.9,100.8
eShark_OldOnline,12.91,100.78
eShark_OldOnline,12.92,100.8
eShark_OldOnline,12.92,100.9
eShark_OldOnline,12.93,100.78
eShark_OldOnline,12.93,100.69
eShark_OldOnline,12.94,100.79
eShark_OldOnline,13.02,100.81
eShark_OldOnline,13.02,100.82
ConservationAssessment,13.1,-59.64
ConservationAssessment,13.1,-61.2
ConservationAssessment,13.51,144.76
ConservationAssessment,13.81,-91.28
eManta,15,-95
eManta,15,-165
eManta,15,-155
eManta,15,135
eManta,15,75
eManta,15,145
eManta,15,-55
eManta,15,125
eManta,15,95
eManta,15,-75
eManta,15,-105
eManta,15,-65
eManta,15,85
eManta,15,-85
eManta,15,105
ConservationAssessment,15.4,-61.44
eShark_OldOnline,15.87,100.99
ConservationAssessment,15.88,-88.34
eShark_OldOnline,15.97,101.21
ConservationAssessment,16.13,-61.79
ConservationAssessment,16.31,-86.5
ConservationAssessment,17.28,-62.72
ConservationAssessment,17.47,-63
ConservationAssessment,17.6,-63.23
ConservationAssessment,17.64,-88.07
ConservationAssessment,18.01,-63.08
ConservationAssessment,18.27,-64.76
eShark_OldOnline,18.36,-64.56
ConservationAssessment,18.41,-64.6
eShark_OldOnline,18.48,-77.93
eShark_OldOnline,18.52,-77.89
eShark_OldOnline,18.52,-77.87
ConservationAssessment,18.9,-72.74
ConservationAssessment,19.31,-80.85
ConservationAssessment,19.54,-69.65
ConservationAssessment,19.76,-86.89
eShark_OldOnline,20.35,-87.05
eShark_OldOnline,20.39,-87.31
ConservationAssessment,20.5,-156.97
eShark_OldOnline,21.48,-71.51
eShark_OldOnline,21.48,-71.53
ConservationAssessment,21.49,-71.81
eShark_OldOnline,21.52,-77.78
eShark_OldOnline,21.53,-71.48
ConservationAssessment,21.8,120.87
ConservationAssessment,21.85,-81.63
eShark_OldOnline,21.91,95.95
eShark_OldOnline,22.19,113.54
eShark_OldOnline,23.69,120.96
ConservationAssessment,23.74,58.84
ConservationAssessment,24.03,-108.73
ConservationAssessment,24.36,-76.66
eManta,25,-105
eManta,25,-115
eManta,25,-165
eManta,25,-155
eManta,25,155
eManta,25,-15
eManta,25,-85
eManta,25,35
eManta,25,-75
eManta,25,125
eManta,25,55
eManta,25,65
eManta,25,45
ConservationAssessment,25.83,127.3
ConservationAssessment,26.59,52.58
eShark_OldOnline,26.81,-77.34
eShark_OldOnline,26.93,-80.05
ConservationAssessment,27.36,34.19
eShark_OldOnline,27.99,34.47
eShark_OldOnline,28.38,34.47
eShark_OldOnline,28.47,34.51
eShark_OldOnline,28.5,34.51
eShark_OldOnline,28.54,34.51
eShark_OldOnline,28.55,34.53
eShark_OldOnline,28.55,34.52
ConservationAssessment,28.58,-88.75
ConservationAssessment,28.86,-79.43
eShark_OldOnline,29.14,-118.28
eShark_OldOnline,30.1,-85.72
eShark_OldOnline,30.21,-85.92
eShark_OldOnline,30.23,-85.94
eShark_OldOnline,30.23,-85.92
eShark_OldOnline,30.27,-86.01
eShark_OldOnline,32.77,-17.04
ConservationAssessment,33.76,126.65
eManta,35,15
eManta,35,-75
eManta,35,-65
eManta,35,-5
eManta,35,25
eManta,35,35
eShark_OldOnline,35.3,139.36
ConservationAssessment,35.95,14.29
ConservationAssessment,36.77,-122.73
ConservationAssessment,37.3,24.04
ConservationAssessment,38.27,0.46
eShark_OldOnline,38.86,71.27
ConservationAssessment,40.32,12.47
eShark_OldOnline,40.43,0.73
eShark_OldOnline,40.46,-3.74
ConservationAssessment,42.89,6.19
ConservationAssessment,43.14,16.25
eShark_OldOnline,44.25,-66.44
eShark_OldOnline,44.26,-66.54
eShark_OldOnline,44.28,-66.5
eShark_OldOnline,44.3,-66.56
ConservationAssessment,44.44,-63.85
eShark_OldOnline,44.52,-63.94
eShark_OldOnline,44.68,-63.74
eManta,45,-125
eManta,45,-65
eManta,45,5
eManta,45,15
ConservationAssessment,49.21,-123.48
ConservationAssessment,51.37,-6.34
ConservationAssessment,51.5,3.1
eShark_OldOnline,51.84,5.69
eShark_OldOnline,51.89,5.78
eManta,65,-55
